Copyright 1986-2022 Xilinx, Inc. All Rights Reserved. Copyright 2022-2025 Advanced Micro Devices, Inc. All Rights Reserved.
---------------------------------------------------------------------------------------------------------------------------------------------
| Tool Version : Vivado v.2025.1 (win64) Build 6140274 Thu May 22 00:12:29 MDT 2025
| Date         : Tue Jun 16 00:08:10 2026
| Host         : Emanuel running 64-bit major release  (build 9200)
| Command      : report_control_sets -verbose -file design_1_wrapper_control_sets_placed.rpt
| Design       : design_1_wrapper
| Device       : xc7a35t
---------------------------------------------------------------------------------------------------------------------------------------------

Control Set Information

Table of Contents
-----------------
1. Summary
2. Histogram
3. Flip-Flop Distribution
4. Detailed Control Set Information

1. Summary
----------

+----------------------------------------------------------+-------+
|                          Status                          | Count |
+----------------------------------------------------------+-------+
| Total control sets                                       |   245 |
|    Minimum number of control sets                        |   245 |
|    Addition due to synthesis replication                 |     0 |
|    Addition due to physical synthesis replication        |     0 |
| Unused register locations in slices containing registers |   636 |
+----------------------------------------------------------+-------+
* Control sets can be merged at opt_design using control_set_merge or merge_equivalent_drivers
** Run report_qor_suggestions for automated merging and remapping suggestions


2. Histogram
------------

+--------------------+-------+
|       Fanout       | Count |
+--------------------+-------+
| Total control sets |   245 |
| >= 0 to < 4        |    75 |
| >= 4 to < 6        |    14 |
| >= 6 to < 8        |    13 |
| >= 8 to < 10       |    91 |
| >= 10 to < 12      |     2 |
| >= 12 to < 14      |     2 |
| >= 14 to < 16      |     4 |
| >= 16              |    44 |
+--------------------+-------+
* Control sets can be remapped at either synth_design or opt_design


3. Flip-Flop Distribution
-------------------------

+--------------+-----------------------+------------------------+-----------------+--------------+
| Clock Enable | Synchronous Set/Reset | Asynchronous Set/Reset | Total Registers | Total Slices |
+--------------+-----------------------+------------------------+-----------------+--------------+
| No           | No                    | No                     |             355 |          140 |
| No           | No                    | Yes                    |              99 |           36 |
| No           | Yes                   | No                     |             586 |          230 |
| Yes          | No                    | No                     |             385 |          118 |
| Yes          | No                    | Yes                    |               7 |            5 |
| Yes          | Yes                   | No                     |            1924 |          713 |
+--------------+-----------------------+------------------------+-----------------+--------------+


4. Detailed Control Set Information
-----------------------------------

+--------------------------------------------------------------------------------------------------+----------------------------------------------------------------------------------------------------------------------------------------------------------------------------+-----------------------------------------------------------------------------------------------------------------------------------------------------------+------------------+----------------+--------------+
|                                           Clock Signal                                           |                                                                                Enable Signal                                                                               |                                                                      Set/Reset Signal                                                                     | Slice Load Count | Bel Load Count | Bels / Slice |
+--------------------------------------------------------------------------------------------------+----------------------------------------------------------------------------------------------------------------------------------------------------------------------------+-----------------------------------------------------------------------------------------------------------------------------------------------------------+------------------+----------------+--------------+
|  design_1_i/clk_wiz_0/inst/clk_out1                                                              |                                                                                                                                                                            | design_1_i/axi_smc/inst/m01_nodes/m01_r_node/inst/s_sc_areset_pipe                                                                                        |                1 |              1 |         1.00 |
|  design_1_i/clk_wiz_0/inst/clk_out1                                                              | design_1_i/microblaze_riscv_0/U0/riscv_core_I/Base.Core/Decode_I/jump_logic_I1/MUXCY_JUMP_CARRY4/lopt_3                                                                    | design_1_i/microblaze_riscv_0/U0/riscv_core_I/Base.Core/Decode_I/Use_MuxCy[3].OF_Piperun_Stage/MUXCY_I/lopt_4                                             |                1 |              1 |         1.00 |
|  design_1_i/clk_wiz_0/inst/clk_out1                                                              |                                                                                                                                                                            | design_1_i/axi_smc/inst/switchboards/i_nodes/i_w_node/inst/s_sc_areset_pipe                                                                               |                1 |              1 |         1.00 |
|  design_1_i/clk_wiz_0/inst/clk_out1                                                              |                                                                                                                                                                            | design_1_i/axi_smc/inst/m01_nodes/m01_ar_node/inst/s_sc_areset_pipe                                                                                       |                1 |              1 |         1.00 |
|  design_1_i/clk_wiz_0/inst/clk_out1                                                              |                                                                                                                                                                            | design_1_i/axi_smc/inst/m01_nodes/m01_aw_node/inst/s_sc_areset_pipe                                                                                       |                1 |              1 |         1.00 |
| ~design_1_i/mdm_1/U0/Use_E2.BSCAN_I/tck_BUFG                                                     |                                                                                                                                                                            |                                                                                                                                                           |                1 |              1 |         1.00 |
|  design_1_i/clk_wiz_0/inst/clk_out1                                                              |                                                                                                                                                                            | design_1_i/axi_smc/inst/s00_nodes/s00_aw_node/inst/s_sc_areset_pipe                                                                                       |                1 |              1 |         1.00 |
|  design_1_i/clk_wiz_0/inst/clk_out1                                                              |                                                                                                                                                                            | design_1_i/axi_smc/inst/s00_nodes/s00_b_node/inst/s_sc_areset_pipe                                                                                        |                1 |              1 |         1.00 |
|  design_1_i/clk_wiz_0/inst/clk_out1                                                              |                                                                                                                                                                            | design_1_i/axi_smc/inst/s00_nodes/s00_r_node/inst/s_sc_areset_pipe                                                                                        |                1 |              1 |         1.00 |
|  design_1_i/clk_wiz_0/inst/clk_out1                                                              |                                                                                                                                                                            | design_1_i/axi_smc/inst/m00_nodes/m00_ar_node/inst/s_sc_areset_pipe                                                                                       |                1 |              1 |         1.00 |
|  design_1_i/clk_wiz_0/inst/clk_out1                                                              | design_1_i/microblaze_riscv_0/U0/riscv_core_I/Base.Core/Decode_I/status[TSR]0                                                                                              | design_1_i/microblaze_riscv_0/U0/riscv_core_I/Base.Core/Decode_I/No_Short_Pipe_5.Using_FPGA.Gen_Bits[1].MEM_EX_Result_Inst/Use_Async_Reset.sync_reset_reg |                1 |              1 |         1.00 |
|  design_1_i/clk_wiz_0/inst/clk_out1                                                              | design_1_i/microblaze_riscv_0/U0/riscv_core_I/Base.Core/Decode_I/ex_Sel_CSR_i_reg[tdata1]_0                                                                                | design_1_i/microblaze_riscv_0/U0/riscv_core_I/sync_reset                                                                                                  |                1 |              1 |         1.00 |
|  design_1_i/mdm_1/U0/MDM_Core_I1/JTAG_CONTROL_I/Test_Access_Port.BUFG_UPDATE/Using_FPGA.Native_0 | design_1_i/microblaze_riscv_0/U0/riscv_core_I/Base.Core/Use_Debug_Logic.Master_Core.Debug_Perf/p_100_in                                                                    | design_1_i/microblaze_riscv_0/U0/riscv_core_I/Base.Core/Use_Debug_Logic.Master_Core.Debug_Perf/Serial_Dbg_Intf.register_write_cmd_reg_0                   |                1 |              1 |         1.00 |
|  design_1_i/clk_wiz_0/inst/clk_out1                                                              |                                                                                                                                                                            | design_1_i/axi_smc/inst/s00_nodes/s00_w_node/inst/s_sc_areset_pipe                                                                                        |                1 |              1 |         1.00 |
|  design_1_i/clk_wiz_0/inst/clk_out1                                                              |                                                                                                                                                                            | design_1_i/axi_smc/inst/switchboards/i_nodes/i_r_node/inst/s_sc_areset_pipe                                                                               |                1 |              1 |         1.00 |
|  design_1_i/clk_wiz_0/inst/clk_out1                                                              |                                                                                                                                                                            | design_1_i/axi_smc/inst/m00_nodes/m00_aw_node/inst/s_sc_areset_pipe                                                                                       |                1 |              1 |         1.00 |
|  design_1_i/mdm_1/U0/MDM_Core_I1/JTAG_CONTROL_I/Test_Access_Port.BUFG_UPDATE/Using_FPGA.Native_0 |                                                                                                                                                                            | design_1_i/microblaze_riscv_0/U0/riscv_core_I/Base.Core/Decode_I/Functional_Reset                                                                         |                1 |              1 |         1.00 |
|  design_1_i/mdm_1/U0/MDM_Core_I1/JTAG_CONTROL_I/Test_Access_Port.BUFG_UPDATE/Using_FPGA.Native_0 |                                                                                                                                                                            | design_1_i/microblaze_riscv_0/U0/riscv_core_I/Base.Core/Use_Debug_Logic.Master_Core.Debug_Perf/Functional_Reset22_out                                     |                1 |              1 |         1.00 |
|  design_1_i/mdm_1/U0/MDM_Core_I1/JTAG_CONTROL_I/Test_Access_Port.BUFG_UPDATE/Using_FPGA.Native_0 |                                                                                                                                                                            | design_1_i/microblaze_riscv_0/U0/riscv_core_I/Base.Core/Use_Debug_Logic.Master_Core.Debug_Perf/continue_from_brk                                          |                1 |              1 |         1.00 |
|  design_1_i/mdm_1/U0/MDM_Core_I1/JTAG_CONTROL_I/Test_Access_Port.BUFG_UPDATE/Using_FPGA.Native_0 | design_1_i/microblaze_riscv_0/U0/riscv_core_I/Base.Core/Use_Debug_Logic.Master_Core.Debug_Perf/Serial_Dbg_Intf.single_step_TClk_i_1_n_0                                    | design_1_i/microblaze_riscv_0/U0/riscv_core_I/Base.Core/Use_Debug_Logic.Master_Core.Debug_Perf/start_single_step_reg_0                                    |                1 |              1 |         1.00 |
|  design_1_i/mdm_1/U0/MDM_Core_I1/JTAG_CONTROL_I/Test_Access_Port.BUFG_UPDATE/Using_FPGA.Native_0 | design_1_i/microblaze_riscv_0/U0/riscv_core_I/Base.Core/Use_Debug_Logic.Master_Core.Debug_Perf/Serial_Dbg_Intf.single_step_TClk_i_1_n_0                                    | design_1_i/microblaze_riscv_0/U0/riscv_core_I/Base.Core/Use_Debug_Logic.Master_Core.Debug_Perf/normal_stop_cmd_i                                          |                1 |              1 |         1.00 |
|  design_1_i/clk_wiz_0/inst/clk_out1                                                              | design_1_i/microblaze_riscv_0/U0/riscv_core_I/Base.Core/Decode_I/jump_logic_I1/MUXCY_JUMP_CARRY4/lopt_3                                                                    | design_1_i/microblaze_riscv_0/U0/riscv_core_I/Base.Core/Decode_I/Use_MuxCy[5].OF_Piperun_Stage/MUXCY_I/ex_bt_hit_hold                                     |                1 |              1 |         1.00 |
|  design_1_i/clk_wiz_0/inst/clk_out1                                                              |                                                                                                                                                                            | design_1_i/axi_smc/inst/m00_nodes/m00_b_node/inst/s_sc_areset_pipe                                                                                        |                1 |              1 |         1.00 |
|  design_1_i/clk_wiz_0/inst/clk_out1                                                              |                                                                                                                                                                            | design_1_i/microblaze_riscv_0/U0/riscv_core_I/Base.Core/Use_Debug_Logic.Master_Core.Debug_Perf/Serial_Dbg_Intf.capture_1                                  |                1 |              1 |         1.00 |
|  design_1_i/clk_wiz_0/inst/clk_out1                                                              |                                                                                                                                                                            | design_1_i/axi_smc/inst/m00_nodes/m00_r_node/inst/s_sc_areset_pipe                                                                                        |                1 |              1 |         1.00 |
|  design_1_i/clk_wiz_0/inst/clk_out1                                                              |                                                                                                                                                                            | design_1_i/axi_smc/inst/m00_nodes/m00_w_node/inst/s_sc_areset_pipe                                                                                        |                1 |              1 |         1.00 |
|  design_1_i/mdm_1/U0/MDM_Core_I1/JTAG_CONTROL_I/Test_Access_Port.BUFG_UPDATE/Using_FPGA.Native_0 | design_1_i/microblaze_riscv_0/U0/riscv_core_I/Base.Core/Use_Debug_Logic.Master_Core.Debug_Perf/p_100_in                                                                    | design_1_i/microblaze_riscv_0/U0/riscv_core_I/Base.Core/Use_Debug_Logic.Master_Core.Debug_Perf/register_read_cmd                                          |                1 |              1 |         1.00 |
|  design_1_i/clk_wiz_0/inst/clk_out1                                                              |                                                                                                                                                                            | design_1_i/axi_smc/inst/m02_nodes/m02_ar_node/inst/s_sc_areset_pipe                                                                                       |                1 |              1 |         1.00 |
|  design_1_i/clk_wiz_0/inst/clk_out1                                                              |                                                                                                                                                                            | design_1_i/axi_smc/inst/m02_nodes/m02_aw_node/inst/s_sc_areset_pipe                                                                                       |                1 |              1 |         1.00 |
|  design_1_i/clk_wiz_0/inst/clk_out1                                                              |                                                                                                                                                                            | design_1_i/axi_smc/inst/m02_nodes/m02_b_node/inst/s_sc_areset_pipe                                                                                        |                1 |              1 |         1.00 |
|  design_1_i/clk_wiz_0/inst/clk_out1                                                              |                                                                                                                                                                            | design_1_i/axi_smc/inst/m02_nodes/m02_r_node/inst/s_sc_areset_pipe                                                                                        |                1 |              1 |         1.00 |
|  design_1_i/clk_wiz_0/inst/clk_out1                                                              |                                                                                                                                                                            | design_1_i/axi_smc/inst/m02_nodes/m02_w_node/inst/s_sc_areset_pipe                                                                                        |                1 |              1 |         1.00 |
|  design_1_i/clk_wiz_0/inst/clk_out1                                                              |                                                                                                                                                                            | design_1_i/axi_smc/inst/switchboards/i_nodes/i_ar_node/inst/s_sc_areset_pipe                                                                              |                1 |              1 |         1.00 |
|  design_1_i/clk_wiz_0/inst/clk_out1                                                              |                                                                                                                                                                            | design_1_i/axi_smc/inst/m01_nodes/m01_w_node/inst/s_sc_areset_pipe                                                                                        |                1 |              1 |         1.00 |
|  design_1_i/clk_wiz_0/inst/clk_out1                                                              |                                                                                                                                                                            | design_1_i/axi_smc/inst/switchboards/i_nodes/i_aw_node/inst/s_sc_areset_pipe                                                                              |                1 |              1 |         1.00 |
|  design_1_i/clk_wiz_0/inst/clk_out1                                                              |                                                                                                                                                                            | design_1_i/axi_smc/inst/switchboards/i_nodes/i_b_node/inst/s_sc_areset_pipe                                                                               |                1 |              1 |         1.00 |
|  design_1_i/clk_wiz_0/inst/clk_out1                                                              |                                                                                                                                                                            | design_1_i/axi_smc/inst/m01_nodes/m01_b_node/inst/s_sc_areset_pipe                                                                                        |                1 |              1 |         1.00 |
|  design_1_i/clk_wiz_0/inst/clk_out1                                                              |                                                                                                                                                                            | design_1_i/axi_smc/inst/s00_nodes/s00_ar_node/inst/s_sc_areset_pipe                                                                                       |                1 |              1 |         1.00 |
|  design_1_i/mdm_1/U0/Use_E2.BSCAN_I/tck_BUFG                                                     |                                                                                                                                                                            | design_1_i/mdm_1/U0/Use_E2.BSCAN_I/Use_E2.BSCANE2_I_0                                                                                                     |                1 |              2 |         2.00 |
|  design_1_i/clk_wiz_0/inst/clk_out1                                                              | design_1_i/microblaze_riscv_0/U0/riscv_core_I/Base.Core/Decode_I/Use_Counters.mcountinhibit_reg[CY]0                                                                       | design_1_i/microblaze_riscv_0/U0/riscv_core_I/sync_reset                                                                                                  |                2 |              2 |         1.00 |
|  design_1_i/clk_wiz_0/inst/clk_out1                                                              | design_1_i/microblaze_riscv_0/U0/riscv_core_I/Base.Core/Decode_I/Use_Trigger.tdata1_all[0][dmode]1                                                                         | design_1_i/microblaze_riscv_0/U0/riscv_core_I/sync_reset                                                                                                  |                2 |              2 |         1.00 |
|  design_1_i/clk_wiz_0/inst/clk_out1                                                              |                                                                                                                                                                            | design_1_i/axi_smc/inst/s00_nodes/s00_aw_node/inst/s_sc_xpm_cdc_async_rst_inst/reset_pol                                                                  |                1 |              3 |         3.00 |
|  design_1_i/clk_wiz_0/inst/clk_out1                                                              |                                                                                                                                                                            | design_1_i/axi_smc/inst/switchboards/i_nodes/i_r_node/inst/s_sc_xpm_cdc_async_rst_inst/reset_pol                                                          |                1 |              3 |         3.00 |
|  design_1_i/clk_wiz_0/inst/clk_out1                                                              | design_1_i/microblaze_riscv_0/U0/riscv_core_I/Base.Core/Decode_I/ex_Sel_CSR_i_reg[dcsr]_0[0]                                                                               | design_1_i/microblaze_riscv_0/U0/riscv_core_I/sync_reset                                                                                                  |                1 |              3 |         3.00 |
|  design_1_i/clk_wiz_0/inst/clk_out1                                                              |                                                                                                                                                                            | design_1_i/axi_smc/inst/m00_nodes/m00_b_node/inst/s_sc_xpm_cdc_async_rst_inst/reset_pol                                                                   |                1 |              3 |         3.00 |
|  design_1_i/clk_wiz_0/inst/clk_out1                                                              |                                                                                                                                                                            | design_1_i/axi_smc/inst/m00_nodes/m00_r_node/inst/s_sc_xpm_cdc_async_rst_inst/reset_pol                                                                   |                1 |              3 |         3.00 |
| ~design_1_i/mdm_1/U0/Use_JTAG_BSCAN.BUFG_JTAG_TCK/Use_JTAG_BSCAN.tck_int                         |                                                                                                                                                                            |                                                                                                                                                           |                3 |              3 |         1.00 |
|  design_1_i/clk_wiz_0/inst/clk_out1                                                              |                                                                                                                                                                            | design_1_i/axi_smc/inst/switchboards/i_nodes/i_aw_node/inst/s_sc_xpm_cdc_async_rst_inst/reset_pol                                                         |                1 |              3 |         3.00 |
|  design_1_i/clk_wiz_0/inst/clk_out1                                                              |                                                                                                                                                                            | design_1_i/axi_smc/inst/s00_nodes/s00_ar_node/inst/s_sc_xpm_cdc_async_rst_inst/reset_pol                                                                  |                1 |              3 |         3.00 |
|  design_1_i/clk_wiz_0/inst/clk_out1                                                              |                                                                                                                                                                            | design_1_i/axi_smc/inst/switchboards/i_nodes/i_w_node/inst/s_sc_xpm_cdc_async_rst_inst/reset_pol                                                          |                1 |              3 |         3.00 |
|  design_1_i/clk_wiz_0/inst/clk_out1                                                              |                                                                                                                                                                            | design_1_i/axi_smc/inst/s00_entry_pipeline/s00_transaction_regulator/inst/xpm_cdc_async_rst_inst/reset_pol                                                |                1 |              3 |         3.00 |
|  design_1_i/clk_wiz_0/inst/clk_out1                                                              |                                                                                                                                                                            | design_1_i/axi_smc/inst/m02_nodes/m02_ar_node/inst/s_sc_xpm_cdc_async_rst_inst/reset_pol                                                                  |                1 |              3 |         3.00 |
|  design_1_i/mdm_1/U0/MDM_Core_I1/JTAG_CONTROL_I/Test_Access_Port.BUFG_UPDATE/Using_FPGA.Native_0 | design_1_i/microblaze_riscv_0/U0/riscv_core_I/Base.Core/Use_Debug_Logic.Master_Core.Debug_Perf/p_100_in                                                                    | design_1_i/microblaze_riscv_0/U0/riscv_core_I/Base.Core/Use_Debug_Logic.Master_Core.Debug_Perf/do_new_dbg_instr                                           |                1 |              3 |         3.00 |
|  design_1_i/clk_wiz_0/inst/clk_out1                                                              |                                                                                                                                                                            | design_1_i/axi_smc/inst/m02_nodes/m02_b_node/inst/s_sc_xpm_cdc_async_rst_inst/reset_pol                                                                   |                1 |              3 |         3.00 |
|  design_1_i/clk_wiz_0/inst/clk_out1                                                              |                                                                                                                                                                            | design_1_i/axi_smc/inst/switchboards/i_nodes/i_b_node/inst/s_sc_xpm_cdc_async_rst_inst/reset_pol                                                          |                1 |              3 |         3.00 |
|  design_1_i/clk_wiz_0/inst/clk_out1                                                              |                                                                                                                                                                            | design_1_i/axi_smc/inst/switchboards/i_nodes/i_ar_node/inst/s_sc_xpm_cdc_async_rst_inst/reset_pol                                                         |                1 |              3 |         3.00 |
|  design_1_i/clk_wiz_0/inst/clk_out1                                                              |                                                                                                                                                                            | design_1_i/axi_smc/inst/m01_nodes/m01_r_node/inst/s_sc_xpm_cdc_async_rst_inst/reset_pol                                                                   |                1 |              3 |         3.00 |
|  design_1_i/clk_wiz_0/inst/clk_out1                                                              |                                                                                                                                                                            | design_1_i/axi_smc/inst/m01_nodes/m01_w_node/inst/s_sc_xpm_cdc_async_rst_inst/reset_pol                                                                   |                1 |              3 |         3.00 |
|  design_1_i/clk_wiz_0/inst/clk_out1                                                              |                                                                                                                                                                            | design_1_i/axi_smc/inst/m02_exit_pipeline/m02_exit/inst/xpm_cdc_async_rst_inst/reset_pol                                                                  |                1 |              3 |         3.00 |
|  design_1_i/clk_wiz_0/inst/clk_out1                                                              |                                                                                                                                                                            | design_1_i/axi_smc/inst/m01_nodes/m01_b_node/inst/s_sc_xpm_cdc_async_rst_inst/reset_pol                                                                   |                1 |              3 |         3.00 |
|  design_1_i/clk_wiz_0/inst/clk_out1                                                              |                                                                                                                                                                            | design_1_i/axi_smc/inst/m01_exit_pipeline/m01_exit/inst/xpm_cdc_async_rst_inst/reset_pol                                                                  |                1 |              3 |         3.00 |
|  design_1_i/clk_wiz_0/inst/clk_out1                                                              |                                                                                                                                                                            | design_1_i/axi_smc/inst/m01_nodes/m01_ar_node/inst/s_sc_xpm_cdc_async_rst_inst/reset_pol                                                                  |                1 |              3 |         3.00 |
|  design_1_i/clk_wiz_0/inst/clk_out1                                                              |                                                                                                                                                                            | design_1_i/axi_smc/inst/m01_nodes/m01_aw_node/inst/s_sc_xpm_cdc_async_rst_inst/reset_pol                                                                  |                1 |              3 |         3.00 |
|  design_1_i/clk_wiz_0/inst/clk_out1                                                              |                                                                                                                                                                            | design_1_i/axi_smc/inst/m00_nodes/m00_w_node/inst/s_sc_xpm_cdc_async_rst_inst/reset_pol                                                                   |                1 |              3 |         3.00 |
|  design_1_i/clk_wiz_0/inst/clk_out1                                                              |                                                                                                                                                                            | design_1_i/axi_smc/inst/m00_exit_pipeline/m00_exit/inst/xpm_cdc_async_rst_inst/reset_pol                                                                  |                1 |              3 |         3.00 |
|  design_1_i/clk_wiz_0/inst/clk_out1                                                              |                                                                                                                                                                            | design_1_i/axi_smc/inst/m00_nodes/m00_ar_node/inst/s_sc_xpm_cdc_async_rst_inst/reset_pol                                                                  |                1 |              3 |         3.00 |
|  design_1_i/clk_wiz_0/inst/clk_out1                                                              |                                                                                                                                                                            | design_1_i/axi_smc/inst/m00_nodes/m00_aw_node/inst/s_sc_xpm_cdc_async_rst_inst/reset_pol                                                                  |                1 |              3 |         3.00 |
|  design_1_i/clk_wiz_0/inst/clk_out1                                                              |                                                                                                                                                                            | design_1_i/axi_smc/inst/m02_nodes/m02_r_node/inst/s_sc_xpm_cdc_async_rst_inst/reset_pol                                                                   |                1 |              3 |         3.00 |
|  design_1_i/clk_wiz_0/inst/clk_out1                                                              |                                                                                                                                                                            | design_1_i/axi_smc/inst/m02_nodes/m02_w_node/inst/s_sc_xpm_cdc_async_rst_inst/reset_pol                                                                   |                1 |              3 |         3.00 |
|  design_1_i/clk_wiz_0/inst/clk_out1                                                              |                                                                                                                                                                            | design_1_i/axi_smc/inst/m02_nodes/m02_aw_node/inst/s_sc_xpm_cdc_async_rst_inst/reset_pol                                                                  |                1 |              3 |         3.00 |
|  design_1_i/clk_wiz_0/inst/clk_out1                                                              |                                                                                                                                                                            | design_1_i/axi_smc/inst/s00_nodes/s00_b_node/inst/s_sc_xpm_cdc_async_rst_inst/reset_pol                                                                   |                1 |              3 |         3.00 |
|  design_1_i/clk_wiz_0/inst/clk_out1                                                              |                                                                                                                                                                            | design_1_i/axi_smc/inst/s00_nodes/s00_r_node/inst/s_sc_xpm_cdc_async_rst_inst/reset_pol                                                                   |                1 |              3 |         3.00 |
|  design_1_i/clk_wiz_0/inst/clk_out1                                                              |                                                                                                                                                                            | design_1_i/axi_smc/inst/s00_entry_pipeline/s00_si_converter/inst/xpm_cdc_async_rst_inst/reset_pol                                                         |                1 |              3 |         3.00 |
|  design_1_i/clk_wiz_0/inst/clk_out1                                                              |                                                                                                                                                                            | design_1_i/axi_smc/inst/s00_nodes/s00_w_node/inst/s_sc_xpm_cdc_async_rst_inst/reset_pol                                                                   |                1 |              3 |         3.00 |
|  design_1_i/clk_wiz_0/inst/clk_out1                                                              |                                                                                                                                                                            | design_1_i/axi_smc/inst/s00_entry_pipeline/s00_mmu/inst/xpm_cdc_async_rst_inst/reset_pol                                                                  |                1 |              3 |         3.00 |
|  design_1_i/clk_wiz_0/inst/clk_out1                                                              | design_1_i/axi_plpuf_0/inst/axi_plpuf_slave_lite_v1_0_S00_AXI_inst/axi_araddr[5]_i_1_n_0                                                                                   |                                                                                                                                                           |                1 |              4 |         4.00 |
|  design_1_i/clk_wiz_0/inst/clk_out1                                                              | design_1_i/axi_plpuf_0/inst/axi_plpuf_slave_lite_v1_0_S00_AXI_inst/axi_awaddr                                                                                              | design_1_i/axi_plpuf_0/inst/axi_plpuf_slave_lite_v1_0_S00_AXI_inst/axi_awready_i_1_n_0                                                                    |                1 |              4 |         4.00 |
|  design_1_i/clk_wiz_0/inst/clk_out1                                                              | design_1_i/axi_uartlite_0/U0/UARTLITE_CORE_I/BAUD_RATE_I/en_16x_Baud                                                                                                       |                                                                                                                                                           |                1 |              4 |         4.00 |
|  design_1_i/clk_wiz_0/inst/clk_out1                                                              | design_1_i/axi_uartlite_0/U0/AXI_LITE_IPIF_I/I_SLAVE_ATTACHMENT/start2                                                                                                     | design_1_i/axi_uartlite_0/U0/AXI_LITE_IPIF_I/I_SLAVE_ATTACHMENT/I_DECODER/cs_ce_clr                                                                       |                1 |              4 |         4.00 |
|  design_1_i/clk_wiz_0/inst/clk_out1                                                              |                                                                                                                                                                            | design_1_i/axi_smc/inst/clk_map/psr_aclk/U0/EXT_LPF/lpf_int                                                                                               |                2 |              4 |         2.00 |
|  design_1_i/clk_wiz_0/inst/clk_out1                                                              | design_1_i/axi_plpuf_1/inst/axi_plpuf_slave_lite_v1_0_S00_AXI_inst/axi_awaddr                                                                                              | design_1_i/axi_plpuf_1/inst/axi_plpuf_slave_lite_v1_0_S00_AXI_inst/axi_awready_i_1_n_0                                                                    |                1 |              4 |         4.00 |
|  design_1_i/clk_wiz_0/inst/clk_out1                                                              | design_1_i/axi_plpuf_1/inst/axi_plpuf_slave_lite_v1_0_S00_AXI_inst/axi_araddr[5]_i_1_n_0                                                                                   |                                                                                                                                                           |                1 |              4 |         4.00 |
|  design_1_i/clk_wiz_0/inst/clk_out1                                                              | design_1_i/axi_plpuf_1/inst/axi_plpuf_slave_lite_v1_0_S00_AXI_inst/plpuf_core_inst/FSM_onehot_state[3]_i_1_n_0                                                             | design_1_i/axi_plpuf_1/inst/axi_plpuf_slave_lite_v1_0_S00_AXI_inst/plpuf_core_inst/response[127]_i_1_n_0                                                  |                1 |              4 |         4.00 |
|  design_1_i/clk_wiz_0/inst/clk_out1                                                              | design_1_i/axi_plpuf_0/inst/axi_plpuf_slave_lite_v1_0_S00_AXI_inst/plpuf_core_inst/FSM_onehot_state[3]_i_1_n_0                                                             | design_1_i/axi_plpuf_0/inst/axi_plpuf_slave_lite_v1_0_S00_AXI_inst/plpuf_core_inst/response[127]_i_1_n_0                                                  |                1 |              4 |         4.00 |
|  design_1_i/mdm_1/U0/Use_JTAG_BSCAN.BUFG_JTAG_TCK/Use_JTAG_BSCAN.tck_int                         | design_1_i/mdm_1/U0/MDM_Core_I1/JTAG_CONTROL_I/Test_Access_Port.sel_dmi_i_1_n_0                                                                                            |                                                                                                                                                           |                2 |              5 |         2.50 |
|  design_1_i/clk_wiz_0/inst/clk_out1                                                              |                                                                                                                                                                            | design_1_i/rst_clk_wiz_0_100M/U0/EXT_LPF/lpf_int                                                                                                          |                3 |              5 |         1.67 |
|  design_1_i/mdm_1/U0/MDM_Core_I1/JTAG_CONTROL_I/Test_Access_Port.BUFG_UPDATE/Using_FPGA.Native_0 | design_1_i/microblaze_riscv_0/U0/riscv_core_I/Base.Core/Use_Debug_Logic.Master_Core.Debug_Perf/p_109_in                                                                    |                                                                                                                                                           |                1 |              5 |         5.00 |
|  design_1_i/clk_wiz_0/inst/clk_out1                                                              | design_1_i/microblaze_riscv_0/U0/riscv_core_I/Base.Core/Decode_I/No_Short_Pipe_5.Using_FPGA.Gen_Bits[1].MEM_EX_Result_Inst/ex_Sel_CSR_i_reg[mcause][0]                     | design_1_i/microblaze_riscv_0/U0/riscv_core_I/sync_reset                                                                                                  |                2 |              5 |         2.50 |
|  design_1_i/mdm_1/U0/Use_JTAG_BSCAN.BUFG_JTAG_TCK/Use_JTAG_BSCAN.tck_int                         | design_1_i/mdm_1/U0/MDM_Core_I1/JTAG_CONTROL_I/Test_Access_Port.ir[4]_i_1_n_0                                                                                              |                                                                                                                                                           |                1 |              5 |         5.00 |
|  design_1_i/clk_wiz_0/inst/clk_out1                                                              | design_1_i/rst_clk_wiz_0_100M/U0/SEQ/seq_cnt_en                                                                                                                            | design_1_i/rst_clk_wiz_0_100M/U0/SEQ/SEQ_COUNTER/clear                                                                                                    |                1 |              6 |         6.00 |
|  design_1_i/clk_wiz_0/inst/clk_out1                                                              |                                                                                                                                                                            | design_1_i/axi_uartlite_0/U0/UARTLITE_CORE_I/UARTLITE_RX_I/SRL_FIFO_I/RX_FIFO_Reset                                                                       |                2 |              6 |         3.00 |
|  design_1_i/clk_wiz_0/inst/clk_out1                                                              | design_1_i/axi_plpuf_0/inst/axi_plpuf_slave_lite_v1_0_S00_AXI_inst/slv_reg0[7]_i_1_n_0                                                                                     | design_1_i/axi_plpuf_0/inst/axi_plpuf_slave_lite_v1_0_S00_AXI_inst/axi_awready_i_1_n_0                                                                    |                1 |              6 |         6.00 |
|  design_1_i/clk_wiz_0/inst/clk_out1                                                              | design_1_i/axi_smc/inst/clk_map/psr_aclk/U0/SEQ/seq_cnt_en                                                                                                                 | design_1_i/axi_smc/inst/clk_map/psr_aclk/U0/SEQ/SEQ_COUNTER/clear                                                                                         |                1 |              6 |         6.00 |
|  design_1_i/clk_wiz_0/inst/clk_out1                                                              | design_1_i/axi_plpuf_1/inst/axi_plpuf_slave_lite_v1_0_S00_AXI_inst/slv_reg0[7]_i_1_n_0                                                                                     | design_1_i/axi_plpuf_1/inst/axi_plpuf_slave_lite_v1_0_S00_AXI_inst/axi_awready_i_1_n_0                                                                    |                1 |              6 |         6.00 |
|  design_1_i/clk_wiz_0/inst/clk_out1                                                              |                                                                                                                                                                            | design_1_i/axi_uartlite_0/U0/UARTLITE_CORE_I/UARTLITE_TX_I/SRL_FIFO_I/TX_FIFO_Reset                                                                       |                2 |              6 |         3.00 |
|  design_1_i/clk_wiz_0/inst/clk_out1                                                              | design_1_i/axi_smc/inst/s00_entry_pipeline/s00_mmu/inst/aw_reg_stall/skid_buffer[1136]_i_1__0_n_0                                                                          |                                                                                                                                                           |                1 |              7 |         7.00 |
|  design_1_i/clk_wiz_0/inst/clk_out1                                                              | design_1_i/axi_smc/inst/s00_entry_pipeline/s00_mmu/inst/aw_reg_stall/m_vector_i                                                                                            |                                                                                                                                                           |                2 |              7 |         3.50 |
|  design_1_i/clk_wiz_0/inst/clk_out1                                                              | design_1_i/axi_smc/inst/s00_entry_pipeline/s00_mmu/inst/ar_reg_stall/m_vector_i                                                                                            |                                                                                                                                                           |                2 |              7 |         3.50 |
|  design_1_i/clk_wiz_0/inst/clk_out1                                                              | design_1_i/axi_smc/inst/switchboards/i_nodes/i_ar_node/inst/inst_mi_handler/gen_normal_area.inst_fifo_node_payld/gen_reg_fifo.inst_reg_fifo/gen_single_rank.inst_cntr/E[0] |                                                                                                                                                           |                1 |              7 |         7.00 |
|  design_1_i/clk_wiz_0/inst/clk_out1                                                              | design_1_i/axi_smc/inst/switchboards/i_nodes/i_aw_node/inst/inst_mi_handler/gen_normal_area.inst_fifo_node_payld/gen_reg_fifo.inst_reg_fifo/gen_single_rank.inst_cntr/E[0] |                                                                                                                                                           |                2 |              7 |         3.50 |
|  design_1_i/clk_wiz_0/inst/clk_out1                                                              | design_1_i/axi_smc/inst/s00_entry_pipeline/s00_mmu/inst/ar_reg_stall/skid_buffer[1136]_i_1_n_0                                                                             |                                                                                                                                                           |                1 |              7 |         7.00 |
|  design_1_i/clk_wiz_0/inst/clk_out1                                                              | design_1_i/axi_uartlite_0/U0/UARTLITE_CORE_I/BAUD_RATE_I/en_16x_Baud                                                                                                       | design_1_i/axi_uartlite_0/U0/UARTLITE_CORE_I/UARTLITE_RX_I/SERIAL_TO_PARALLEL[8].fifo_din[8]_i_1_n_0                                                      |                1 |              7 |         7.00 |
|  design_1_i/mdm_1/U0/Use_E2.BSCAN_I/tck_BUFG                                                     | design_1_i/mdm_1/U0/Use_E2.BSCAN_I/E[0]                                                                                                                                    |                                                                                                                                                           |                2 |              8 |         4.00 |
|  design_1_i/clk_wiz_0/inst/clk_out1                                                              | design_1_i/axi_plpuf_0/inst/axi_plpuf_slave_lite_v1_0_S00_AXI_inst/slv_reg14[23]_i_1_n_0                                                                                   | design_1_i/axi_plpuf_0/inst/axi_plpuf_slave_lite_v1_0_S00_AXI_inst/axi_awready_i_1_n_0                                                                    |                3 |              8 |         2.67 |
|  design_1_i/clk_wiz_0/inst/clk_out1                                                              | design_1_i/axi_plpuf_0/inst/axi_plpuf_slave_lite_v1_0_S00_AXI_inst/slv_reg12[31]_i_1_n_0                                                                                   | design_1_i/axi_plpuf_0/inst/axi_plpuf_slave_lite_v1_0_S00_AXI_inst/axi_awready_i_1_n_0                                                                    |                5 |              8 |         1.60 |
|  design_1_i/clk_wiz_0/inst/clk_out1                                                              | design_1_i/axi_plpuf_0/inst/axi_plpuf_slave_lite_v1_0_S00_AXI_inst/slv_reg13[15]_i_1_n_0                                                                                   | design_1_i/axi_plpuf_0/inst/axi_plpuf_slave_lite_v1_0_S00_AXI_inst/axi_awready_i_1_n_0                                                                    |                2 |              8 |         4.00 |
|  design_1_i/clk_wiz_0/inst/clk_out1                                                              | design_1_i/axi_plpuf_0/inst/axi_plpuf_slave_lite_v1_0_S00_AXI_inst/slv_reg13[23]_i_1_n_0                                                                                   | design_1_i/axi_plpuf_0/inst/axi_plpuf_slave_lite_v1_0_S00_AXI_inst/axi_awready_i_1_n_0                                                                    |                3 |              8 |         2.67 |
|  design_1_i/clk_wiz_0/inst/clk_out1                                                              | design_1_i/axi_plpuf_0/inst/axi_plpuf_slave_lite_v1_0_S00_AXI_inst/slv_reg15[15]_i_1_n_0                                                                                   | design_1_i/axi_plpuf_0/inst/axi_plpuf_slave_lite_v1_0_S00_AXI_inst/axi_awready_i_1_n_0                                                                    |                7 |              8 |         1.14 |
|  design_1_i/clk_wiz_0/inst/clk_out1                                                              | design_1_i/axi_plpuf_0/inst/axi_plpuf_slave_lite_v1_0_S00_AXI_inst/slv_reg14[7]_i_1_n_0                                                                                    | design_1_i/axi_plpuf_0/inst/axi_plpuf_slave_lite_v1_0_S00_AXI_inst/axi_awready_i_1_n_0                                                                    |                5 |              8 |         1.60 |
|  design_1_i/clk_wiz_0/inst/clk_out1                                                              | design_1_i/axi_plpuf_0/inst/axi_plpuf_slave_lite_v1_0_S00_AXI_inst/slv_reg11[31]_i_1_n_0                                                                                   | design_1_i/axi_plpuf_0/inst/axi_plpuf_slave_lite_v1_0_S00_AXI_inst/axi_awready_i_1_n_0                                                                    |                1 |              8 |         8.00 |
|  design_1_i/clk_wiz_0/inst/clk_out1                                                              | design_1_i/axi_plpuf_0/inst/axi_plpuf_slave_lite_v1_0_S00_AXI_inst/slv_reg15[31]_i_1_n_0                                                                                   | design_1_i/axi_plpuf_0/inst/axi_plpuf_slave_lite_v1_0_S00_AXI_inst/axi_awready_i_1_n_0                                                                    |                7 |              8 |         1.14 |
|  design_1_i/clk_wiz_0/inst/clk_out1                                                              | design_1_i/axi_plpuf_0/inst/axi_plpuf_slave_lite_v1_0_S00_AXI_inst/slv_reg11[7]_i_1_n_0                                                                                    | design_1_i/axi_plpuf_0/inst/axi_plpuf_slave_lite_v1_0_S00_AXI_inst/axi_awready_i_1_n_0                                                                    |                3 |              8 |         2.67 |
|  design_1_i/clk_wiz_0/inst/clk_out1                                                              | design_1_i/axi_plpuf_0/inst/axi_plpuf_slave_lite_v1_0_S00_AXI_inst/slv_reg13[7]_i_1_n_0                                                                                    | design_1_i/axi_plpuf_0/inst/axi_plpuf_slave_lite_v1_0_S00_AXI_inst/axi_awready_i_1_n_0                                                                    |                4 |              8 |         2.00 |
|  design_1_i/clk_wiz_0/inst/clk_out1                                                              | design_1_i/axi_plpuf_0/inst/axi_plpuf_slave_lite_v1_0_S00_AXI_inst/slv_reg14[15]_i_1_n_0                                                                                   | design_1_i/axi_plpuf_0/inst/axi_plpuf_slave_lite_v1_0_S00_AXI_inst/axi_awready_i_1_n_0                                                                    |                6 |              8 |         1.33 |
|  design_1_i/clk_wiz_0/inst/clk_out1                                                              | design_1_i/axi_plpuf_0/inst/axi_plpuf_slave_lite_v1_0_S00_AXI_inst/slv_reg14[31]_i_1_n_0                                                                                   | design_1_i/axi_plpuf_0/inst/axi_plpuf_slave_lite_v1_0_S00_AXI_inst/axi_awready_i_1_n_0                                                                    |                7 |              8 |         1.14 |
|  design_1_i/clk_wiz_0/inst/clk_out1                                                              | design_1_i/axi_plpuf_0/inst/axi_plpuf_slave_lite_v1_0_S00_AXI_inst/slv_reg12[23]_i_1_n_0                                                                                   | design_1_i/axi_plpuf_0/inst/axi_plpuf_slave_lite_v1_0_S00_AXI_inst/axi_awready_i_1_n_0                                                                    |                3 |              8 |         2.67 |
|  design_1_i/clk_wiz_0/inst/clk_out1                                                              | design_1_i/axi_plpuf_0/inst/axi_plpuf_slave_lite_v1_0_S00_AXI_inst/slv_reg0[15]_i_1_n_0                                                                                    | design_1_i/axi_plpuf_0/inst/axi_plpuf_slave_lite_v1_0_S00_AXI_inst/axi_awready_i_1_n_0                                                                    |                4 |              8 |         2.00 |
|  design_1_i/clk_wiz_0/inst/clk_out1                                                              | design_1_i/axi_plpuf_0/inst/axi_plpuf_slave_lite_v1_0_S00_AXI_inst/slv_reg11[23]_i_1_n_0                                                                                   | design_1_i/axi_plpuf_0/inst/axi_plpuf_slave_lite_v1_0_S00_AXI_inst/axi_awready_i_1_n_0                                                                    |                1 |              8 |         8.00 |
|  design_1_i/clk_wiz_0/inst/clk_out1                                                              | design_1_i/axi_plpuf_0/inst/axi_plpuf_slave_lite_v1_0_S00_AXI_inst/slv_reg12[7]_i_1_n_0                                                                                    | design_1_i/axi_plpuf_0/inst/axi_plpuf_slave_lite_v1_0_S00_AXI_inst/axi_awready_i_1_n_0                                                                    |                3 |              8 |         2.67 |
|  design_1_i/clk_wiz_0/inst/clk_out1                                                              | design_1_i/axi_plpuf_0/inst/axi_plpuf_slave_lite_v1_0_S00_AXI_inst/slv_reg0[23]_i_1_n_0                                                                                    | design_1_i/axi_plpuf_0/inst/axi_plpuf_slave_lite_v1_0_S00_AXI_inst/axi_awready_i_1_n_0                                                                    |                1 |              8 |         8.00 |
|  design_1_i/clk_wiz_0/inst/clk_out1                                                              | design_1_i/axi_plpuf_0/inst/axi_plpuf_slave_lite_v1_0_S00_AXI_inst/slv_reg12[15]_i_1_n_0                                                                                   | design_1_i/axi_plpuf_0/inst/axi_plpuf_slave_lite_v1_0_S00_AXI_inst/axi_awready_i_1_n_0                                                                    |                2 |              8 |         4.00 |
|  design_1_i/clk_wiz_0/inst/clk_out1                                                              | design_1_i/axi_plpuf_0/inst/axi_plpuf_slave_lite_v1_0_S00_AXI_inst/slv_reg13[31]_i_1_n_0                                                                                   | design_1_i/axi_plpuf_0/inst/axi_plpuf_slave_lite_v1_0_S00_AXI_inst/axi_awready_i_1_n_0                                                                    |                1 |              8 |         8.00 |
|  design_1_i/clk_wiz_0/inst/clk_out1                                                              | design_1_i/axi_plpuf_1/inst/axi_plpuf_slave_lite_v1_0_S00_AXI_inst/slv_reg11[15]_i_1_n_0                                                                                   | design_1_i/axi_plpuf_1/inst/axi_plpuf_slave_lite_v1_0_S00_AXI_inst/axi_awready_i_1_n_0                                                                    |                4 |              8 |         2.00 |
|  design_1_i/clk_wiz_0/inst/clk_out1                                                              | design_1_i/axi_plpuf_0/inst/axi_plpuf_slave_lite_v1_0_S00_AXI_inst/slv_reg15[23]_i_1_n_0                                                                                   | design_1_i/axi_plpuf_0/inst/axi_plpuf_slave_lite_v1_0_S00_AXI_inst/axi_awready_i_1_n_0                                                                    |                2 |              8 |         4.00 |
|  design_1_i/clk_wiz_0/inst/clk_out1                                                              | design_1_i/axi_plpuf_0/inst/axi_plpuf_slave_lite_v1_0_S00_AXI_inst/slv_reg11[15]_i_1_n_0                                                                                   | design_1_i/axi_plpuf_0/inst/axi_plpuf_slave_lite_v1_0_S00_AXI_inst/axi_awready_i_1_n_0                                                                    |                3 |              8 |         2.67 |
|  design_1_i/clk_wiz_0/inst/clk_out1                                                              | design_1_i/axi_plpuf_0/inst/axi_plpuf_slave_lite_v1_0_S00_AXI_inst/slv_reg0[31]_i_1_n_0                                                                                    | design_1_i/axi_plpuf_0/inst/axi_plpuf_slave_lite_v1_0_S00_AXI_inst/axi_awready_i_1_n_0                                                                    |                2 |              8 |         4.00 |
|  design_1_i/clk_wiz_0/inst/clk_out1                                                              | design_1_i/axi_plpuf_0/inst/axi_plpuf_slave_lite_v1_0_S00_AXI_inst/slv_reg4[31]_i_1_n_0                                                                                    | design_1_i/axi_plpuf_0/inst/axi_plpuf_slave_lite_v1_0_S00_AXI_inst/axi_awready_i_1_n_0                                                                    |                2 |              8 |         4.00 |
|  design_1_i/clk_wiz_0/inst/clk_out1                                                              | design_1_i/axi_plpuf_0/inst/axi_plpuf_slave_lite_v1_0_S00_AXI_inst/slv_reg2[7]_i_1_n_0                                                                                     | design_1_i/axi_plpuf_0/inst/axi_plpuf_slave_lite_v1_0_S00_AXI_inst/axi_awready_i_1_n_0                                                                    |                2 |              8 |         4.00 |
|  design_1_i/clk_wiz_0/inst/clk_out1                                                              | design_1_i/axi_plpuf_0/inst/axi_plpuf_slave_lite_v1_0_S00_AXI_inst/slv_reg6[23]_i_1_n_0                                                                                    | design_1_i/axi_plpuf_0/inst/axi_plpuf_slave_lite_v1_0_S00_AXI_inst/axi_awready_i_1_n_0                                                                    |                3 |              8 |         2.67 |
|  design_1_i/clk_wiz_0/inst/clk_out1                                                              | design_1_i/axi_plpuf_0/inst/axi_plpuf_slave_lite_v1_0_S00_AXI_inst/slv_reg3[15]_i_1_n_0                                                                                    | design_1_i/axi_plpuf_0/inst/axi_plpuf_slave_lite_v1_0_S00_AXI_inst/axi_awready_i_1_n_0                                                                    |                3 |              8 |         2.67 |
|  design_1_i/clk_wiz_0/inst/clk_out1                                                              | design_1_i/axi_plpuf_0/inst/axi_plpuf_slave_lite_v1_0_S00_AXI_inst/slv_reg5[23]_i_1_n_0                                                                                    | design_1_i/axi_plpuf_0/inst/axi_plpuf_slave_lite_v1_0_S00_AXI_inst/axi_awready_i_1_n_0                                                                    |                2 |              8 |         4.00 |
|  design_1_i/clk_wiz_0/inst/clk_out1                                                              | design_1_i/axi_plpuf_0/inst/axi_plpuf_slave_lite_v1_0_S00_AXI_inst/slv_reg3[7]_i_1_n_0                                                                                     | design_1_i/axi_plpuf_0/inst/axi_plpuf_slave_lite_v1_0_S00_AXI_inst/axi_awready_i_1_n_0                                                                    |                2 |              8 |         4.00 |
|  design_1_i/clk_wiz_0/inst/clk_out1                                                              | design_1_i/axi_plpuf_0/inst/axi_plpuf_slave_lite_v1_0_S00_AXI_inst/slv_reg2[31]_i_1_n_0                                                                                    | design_1_i/axi_plpuf_0/inst/axi_plpuf_slave_lite_v1_0_S00_AXI_inst/axi_awready_i_1_n_0                                                                    |                3 |              8 |         2.67 |
|  design_1_i/clk_wiz_0/inst/clk_out1                                                              | design_1_i/axi_plpuf_0/inst/axi_plpuf_slave_lite_v1_0_S00_AXI_inst/slv_reg2[23]_i_1_n_0                                                                                    | design_1_i/axi_plpuf_0/inst/axi_plpuf_slave_lite_v1_0_S00_AXI_inst/axi_awready_i_1_n_0                                                                    |                8 |              8 |         1.00 |
|  design_1_i/clk_wiz_0/inst/clk_out1                                                              | design_1_i/axi_plpuf_0/inst/axi_plpuf_slave_lite_v1_0_S00_AXI_inst/slv_reg5[15]_i_1_n_0                                                                                    | design_1_i/axi_plpuf_0/inst/axi_plpuf_slave_lite_v1_0_S00_AXI_inst/axi_awready_i_1_n_0                                                                    |                3 |              8 |         2.67 |
|  design_1_i/clk_wiz_0/inst/clk_out1                                                              | design_1_i/axi_plpuf_0/inst/axi_plpuf_slave_lite_v1_0_S00_AXI_inst/slv_reg4[15]_i_1_n_0                                                                                    | design_1_i/axi_plpuf_0/inst/axi_plpuf_slave_lite_v1_0_S00_AXI_inst/axi_awready_i_1_n_0                                                                    |                2 |              8 |         4.00 |
|  design_1_i/clk_wiz_0/inst/clk_out1                                                              | design_1_i/axi_plpuf_0/inst/axi_plpuf_slave_lite_v1_0_S00_AXI_inst/slv_reg3[23]_i_1_n_0                                                                                    | design_1_i/axi_plpuf_0/inst/axi_plpuf_slave_lite_v1_0_S00_AXI_inst/axi_awready_i_1_n_0                                                                    |                3 |              8 |         2.67 |
|  design_1_i/clk_wiz_0/inst/clk_out1                                                              | design_1_i/axi_plpuf_0/inst/axi_plpuf_slave_lite_v1_0_S00_AXI_inst/slv_reg4[23]_i_1_n_0                                                                                    | design_1_i/axi_plpuf_0/inst/axi_plpuf_slave_lite_v1_0_S00_AXI_inst/axi_awready_i_1_n_0                                                                    |                4 |              8 |         2.00 |
|  design_1_i/clk_wiz_0/inst/clk_out1                                                              | design_1_i/axi_plpuf_0/inst/axi_plpuf_slave_lite_v1_0_S00_AXI_inst/slv_reg5[7]_i_1_n_0                                                                                     | design_1_i/axi_plpuf_0/inst/axi_plpuf_slave_lite_v1_0_S00_AXI_inst/axi_awready_i_1_n_0                                                                    |                2 |              8 |         4.00 |
|  design_1_i/clk_wiz_0/inst/clk_out1                                                              | design_1_i/axi_plpuf_0/inst/axi_plpuf_slave_lite_v1_0_S00_AXI_inst/slv_reg4[7]_i_1_n_0                                                                                     | design_1_i/axi_plpuf_0/inst/axi_plpuf_slave_lite_v1_0_S00_AXI_inst/axi_awready_i_1_n_0                                                                    |                4 |              8 |         2.00 |
|  design_1_i/clk_wiz_0/inst/clk_out1                                                              | design_1_i/axi_plpuf_0/inst/axi_plpuf_slave_lite_v1_0_S00_AXI_inst/slv_reg15[7]_i_1_n_0                                                                                    | design_1_i/axi_plpuf_0/inst/axi_plpuf_slave_lite_v1_0_S00_AXI_inst/axi_awready_i_1_n_0                                                                    |                6 |              8 |         1.33 |
|  design_1_i/clk_wiz_0/inst/clk_out1                                                              | design_1_i/axi_plpuf_0/inst/axi_plpuf_slave_lite_v1_0_S00_AXI_inst/slv_reg6[7]_i_1_n_0                                                                                     | design_1_i/axi_plpuf_0/inst/axi_plpuf_slave_lite_v1_0_S00_AXI_inst/axi_awready_i_1_n_0                                                                    |                3 |              8 |         2.67 |
|  design_1_i/clk_wiz_0/inst/clk_out1                                                              | design_1_i/axi_plpuf_0/inst/axi_plpuf_slave_lite_v1_0_S00_AXI_inst/slv_reg6[31]_i_1_n_0                                                                                    | design_1_i/axi_plpuf_0/inst/axi_plpuf_slave_lite_v1_0_S00_AXI_inst/axi_awready_i_1_n_0                                                                    |                3 |              8 |         2.67 |
|  design_1_i/clk_wiz_0/inst/clk_out1                                                              | design_1_i/axi_plpuf_0/inst/axi_plpuf_slave_lite_v1_0_S00_AXI_inst/slv_reg2[15]_i_1_n_0                                                                                    | design_1_i/axi_plpuf_0/inst/axi_plpuf_slave_lite_v1_0_S00_AXI_inst/axi_awready_i_1_n_0                                                                    |                3 |              8 |         2.67 |
|  design_1_i/clk_wiz_0/inst/clk_out1                                                              | design_1_i/axi_plpuf_0/inst/axi_plpuf_slave_lite_v1_0_S00_AXI_inst/slv_reg3[31]_i_1_n_0                                                                                    | design_1_i/axi_plpuf_0/inst/axi_plpuf_slave_lite_v1_0_S00_AXI_inst/axi_awready_i_1_n_0                                                                    |                2 |              8 |         4.00 |
|  design_1_i/clk_wiz_0/inst/clk_out1                                                              | design_1_i/axi_plpuf_0/inst/axi_plpuf_slave_lite_v1_0_S00_AXI_inst/slv_reg5[31]_i_1_n_0                                                                                    | design_1_i/axi_plpuf_0/inst/axi_plpuf_slave_lite_v1_0_S00_AXI_inst/axi_awready_i_1_n_0                                                                    |                2 |              8 |         4.00 |
|  design_1_i/clk_wiz_0/inst/clk_out1                                                              | design_1_i/axi_plpuf_0/inst/axi_plpuf_slave_lite_v1_0_S00_AXI_inst/slv_reg6[15]_i_1_n_0                                                                                    | design_1_i/axi_plpuf_0/inst/axi_plpuf_slave_lite_v1_0_S00_AXI_inst/axi_awready_i_1_n_0                                                                    |                3 |              8 |         2.67 |
|  design_1_i/clk_wiz_0/inst/clk_out1                                                              | design_1_i/axi_plpuf_1/inst/axi_plpuf_slave_lite_v1_0_S00_AXI_inst/slv_reg11[23]_i_1_n_0                                                                                   | design_1_i/axi_plpuf_1/inst/axi_plpuf_slave_lite_v1_0_S00_AXI_inst/axi_awready_i_1_n_0                                                                    |                2 |              8 |         4.00 |
|  design_1_i/clk_wiz_0/inst/clk_out1                                                              | design_1_i/axi_plpuf_1/inst/axi_plpuf_slave_lite_v1_0_S00_AXI_inst/slv_reg11[7]_i_1_n_0                                                                                    | design_1_i/axi_plpuf_1/inst/axi_plpuf_slave_lite_v1_0_S00_AXI_inst/axi_awready_i_1_n_0                                                                    |                1 |              8 |         8.00 |
|  design_1_i/clk_wiz_0/inst/clk_out1                                                              | design_1_i/axi_plpuf_1/inst/axi_plpuf_slave_lite_v1_0_S00_AXI_inst/slv_reg0[23]_i_1_n_0                                                                                    | design_1_i/axi_plpuf_1/inst/axi_plpuf_slave_lite_v1_0_S00_AXI_inst/axi_awready_i_1_n_0                                                                    |                2 |              8 |         4.00 |
|  design_1_i/clk_wiz_0/inst/clk_out1                                                              | design_1_i/axi_plpuf_1/inst/axi_plpuf_slave_lite_v1_0_S00_AXI_inst/slv_reg11[31]_i_1_n_0                                                                                   | design_1_i/axi_plpuf_1/inst/axi_plpuf_slave_lite_v1_0_S00_AXI_inst/axi_awready_i_1_n_0                                                                    |                2 |              8 |         4.00 |
|  design_1_i/clk_wiz_0/inst/clk_out1                                                              | design_1_i/axi_plpuf_1/inst/axi_plpuf_slave_lite_v1_0_S00_AXI_inst/slv_reg12[15]_i_1_n_0                                                                                   | design_1_i/axi_plpuf_1/inst/axi_plpuf_slave_lite_v1_0_S00_AXI_inst/axi_awready_i_1_n_0                                                                    |                2 |              8 |         4.00 |
|  design_1_i/clk_wiz_0/inst/clk_out1                                                              | design_1_i/axi_plpuf_1/inst/axi_plpuf_slave_lite_v1_0_S00_AXI_inst/slv_reg12[23]_i_1_n_0                                                                                   | design_1_i/axi_plpuf_1/inst/axi_plpuf_slave_lite_v1_0_S00_AXI_inst/axi_awready_i_1_n_0                                                                    |                1 |              8 |         8.00 |
|  design_1_i/clk_wiz_0/inst/clk_out1                                                              | design_1_i/axi_plpuf_1/inst/axi_plpuf_slave_lite_v1_0_S00_AXI_inst/slv_reg12[31]_i_1_n_0                                                                                   | design_1_i/axi_plpuf_1/inst/axi_plpuf_slave_lite_v1_0_S00_AXI_inst/axi_awready_i_1_n_0                                                                    |                2 |              8 |         4.00 |
|  design_1_i/clk_wiz_0/inst/clk_out1                                                              | design_1_i/axi_plpuf_1/inst/axi_plpuf_slave_lite_v1_0_S00_AXI_inst/slv_reg0[31]_i_1_n_0                                                                                    | design_1_i/axi_plpuf_1/inst/axi_plpuf_slave_lite_v1_0_S00_AXI_inst/axi_awready_i_1_n_0                                                                    |                1 |              8 |         8.00 |
|  design_1_i/clk_wiz_0/inst/clk_out1                                                              | design_1_i/axi_plpuf_1/inst/axi_plpuf_slave_lite_v1_0_S00_AXI_inst/slv_reg0[15]_i_1_n_0                                                                                    | design_1_i/axi_plpuf_1/inst/axi_plpuf_slave_lite_v1_0_S00_AXI_inst/axi_awready_i_1_n_0                                                                    |                1 |              8 |         8.00 |
|  design_1_i/clk_wiz_0/inst/clk_out1                                                              | design_1_i/axi_plpuf_1/inst/axi_plpuf_slave_lite_v1_0_S00_AXI_inst/slv_reg2[23]_i_1_n_0                                                                                    | design_1_i/axi_plpuf_1/inst/axi_plpuf_slave_lite_v1_0_S00_AXI_inst/axi_awready_i_1_n_0                                                                    |                7 |              8 |         1.14 |
|  design_1_i/clk_wiz_0/inst/clk_out1                                                              | design_1_i/axi_plpuf_1/inst/axi_plpuf_slave_lite_v1_0_S00_AXI_inst/slv_reg6[31]_i_1_n_0                                                                                    | design_1_i/axi_plpuf_1/inst/axi_plpuf_slave_lite_v1_0_S00_AXI_inst/axi_awready_i_1_n_0                                                                    |                2 |              8 |         4.00 |
|  design_1_i/clk_wiz_0/inst/clk_out1                                                              | design_1_i/axi_plpuf_1/inst/axi_plpuf_slave_lite_v1_0_S00_AXI_inst/slv_reg5[23]_i_1_n_0                                                                                    | design_1_i/axi_plpuf_1/inst/axi_plpuf_slave_lite_v1_0_S00_AXI_inst/axi_awready_i_1_n_0                                                                    |                3 |              8 |         2.67 |
|  design_1_i/clk_wiz_0/inst/clk_out1                                                              | design_1_i/axi_plpuf_1/inst/axi_plpuf_slave_lite_v1_0_S00_AXI_inst/slv_reg5[31]_i_1_n_0                                                                                    | design_1_i/axi_plpuf_1/inst/axi_plpuf_slave_lite_v1_0_S00_AXI_inst/axi_awready_i_1_n_0                                                                    |                2 |              8 |         4.00 |
|  design_1_i/clk_wiz_0/inst/clk_out1                                                              | design_1_i/axi_plpuf_1/inst/axi_plpuf_slave_lite_v1_0_S00_AXI_inst/slv_reg15[7]_i_1_n_0                                                                                    | design_1_i/axi_plpuf_1/inst/axi_plpuf_slave_lite_v1_0_S00_AXI_inst/axi_awready_i_1_n_0                                                                    |                7 |              8 |         1.14 |
|  design_1_i/clk_wiz_0/inst/clk_out1                                                              | design_1_i/axi_plpuf_1/inst/axi_plpuf_slave_lite_v1_0_S00_AXI_inst/slv_reg4[23]_i_1_n_0                                                                                    | design_1_i/axi_plpuf_1/inst/axi_plpuf_slave_lite_v1_0_S00_AXI_inst/axi_awready_i_1_n_0                                                                    |                3 |              8 |         2.67 |
|  design_1_i/clk_wiz_0/inst/clk_out1                                                              | design_1_i/axi_plpuf_1/inst/axi_plpuf_slave_lite_v1_0_S00_AXI_inst/slv_reg13[7]_i_1_n_0                                                                                    | design_1_i/axi_plpuf_1/inst/axi_plpuf_slave_lite_v1_0_S00_AXI_inst/axi_awready_i_1_n_0                                                                    |                3 |              8 |         2.67 |
|  design_1_i/clk_wiz_0/inst/clk_out1                                                              | design_1_i/axi_plpuf_1/inst/axi_plpuf_slave_lite_v1_0_S00_AXI_inst/slv_reg14[7]_i_1_n_0                                                                                    | design_1_i/axi_plpuf_1/inst/axi_plpuf_slave_lite_v1_0_S00_AXI_inst/axi_awready_i_1_n_0                                                                    |                3 |              8 |         2.67 |
|  design_1_i/clk_wiz_0/inst/clk_out1                                                              | design_1_i/axi_plpuf_1/inst/axi_plpuf_slave_lite_v1_0_S00_AXI_inst/slv_reg4[31]_i_1_n_0                                                                                    | design_1_i/axi_plpuf_1/inst/axi_plpuf_slave_lite_v1_0_S00_AXI_inst/axi_awready_i_1_n_0                                                                    |                3 |              8 |         2.67 |
|  design_1_i/clk_wiz_0/inst/clk_out1                                                              | design_1_i/axi_plpuf_1/inst/axi_plpuf_slave_lite_v1_0_S00_AXI_inst/slv_reg6[15]_i_1_n_0                                                                                    | design_1_i/axi_plpuf_1/inst/axi_plpuf_slave_lite_v1_0_S00_AXI_inst/axi_awready_i_1_n_0                                                                    |                3 |              8 |         2.67 |
|  design_1_i/clk_wiz_0/inst/clk_out1                                                              | design_1_i/axi_plpuf_1/inst/axi_plpuf_slave_lite_v1_0_S00_AXI_inst/slv_reg5[15]_i_1_n_0                                                                                    | design_1_i/axi_plpuf_1/inst/axi_plpuf_slave_lite_v1_0_S00_AXI_inst/axi_awready_i_1_n_0                                                                    |                2 |              8 |         4.00 |
|  design_1_i/clk_wiz_0/inst/clk_out1                                                              | design_1_i/axi_plpuf_1/inst/axi_plpuf_slave_lite_v1_0_S00_AXI_inst/slv_reg13[31]_i_1_n_0                                                                                   | design_1_i/axi_plpuf_1/inst/axi_plpuf_slave_lite_v1_0_S00_AXI_inst/axi_awready_i_1_n_0                                                                    |                1 |              8 |         8.00 |
|  design_1_i/clk_wiz_0/inst/clk_out1                                                              | design_1_i/axi_plpuf_1/inst/axi_plpuf_slave_lite_v1_0_S00_AXI_inst/slv_reg15[23]_i_1_n_0                                                                                   | design_1_i/axi_plpuf_1/inst/axi_plpuf_slave_lite_v1_0_S00_AXI_inst/axi_awready_i_1_n_0                                                                    |                4 |              8 |         2.00 |
|  design_1_i/clk_wiz_0/inst/clk_out1                                                              | design_1_i/axi_plpuf_1/inst/axi_plpuf_slave_lite_v1_0_S00_AXI_inst/slv_reg2[7]_i_1_n_0                                                                                     | design_1_i/axi_plpuf_1/inst/axi_plpuf_slave_lite_v1_0_S00_AXI_inst/axi_awready_i_1_n_0                                                                    |                2 |              8 |         4.00 |
|  design_1_i/clk_wiz_0/inst/clk_out1                                                              | design_1_i/axi_plpuf_1/inst/axi_plpuf_slave_lite_v1_0_S00_AXI_inst/slv_reg3[31]_i_1_n_0                                                                                    | design_1_i/axi_plpuf_1/inst/axi_plpuf_slave_lite_v1_0_S00_AXI_inst/axi_awready_i_1_n_0                                                                    |                4 |              8 |         2.00 |
|  design_1_i/clk_wiz_0/inst/clk_out1                                                              | design_1_i/axi_plpuf_1/inst/axi_plpuf_slave_lite_v1_0_S00_AXI_inst/slv_reg3[7]_i_1_n_0                                                                                     | design_1_i/axi_plpuf_1/inst/axi_plpuf_slave_lite_v1_0_S00_AXI_inst/axi_awready_i_1_n_0                                                                    |                3 |              8 |         2.67 |
|  design_1_i/clk_wiz_0/inst/clk_out1                                                              | design_1_i/axi_plpuf_1/inst/axi_plpuf_slave_lite_v1_0_S00_AXI_inst/slv_reg3[15]_i_1_n_0                                                                                    | design_1_i/axi_plpuf_1/inst/axi_plpuf_slave_lite_v1_0_S00_AXI_inst/axi_awready_i_1_n_0                                                                    |                2 |              8 |         4.00 |
|  design_1_i/clk_wiz_0/inst/clk_out1                                                              | design_1_i/axi_plpuf_1/inst/axi_plpuf_slave_lite_v1_0_S00_AXI_inst/slv_reg15[31]_i_1_n_0                                                                                   | design_1_i/axi_plpuf_1/inst/axi_plpuf_slave_lite_v1_0_S00_AXI_inst/axi_awready_i_1_n_0                                                                    |                4 |              8 |         2.00 |
|  design_1_i/clk_wiz_0/inst/clk_out1                                                              | design_1_i/axi_plpuf_1/inst/axi_plpuf_slave_lite_v1_0_S00_AXI_inst/slv_reg14[15]_i_1_n_0                                                                                   | design_1_i/axi_plpuf_1/inst/axi_plpuf_slave_lite_v1_0_S00_AXI_inst/axi_awready_i_1_n_0                                                                    |                4 |              8 |         2.00 |
|  design_1_i/clk_wiz_0/inst/clk_out1                                                              | design_1_i/axi_plpuf_1/inst/axi_plpuf_slave_lite_v1_0_S00_AXI_inst/slv_reg4[7]_i_1_n_0                                                                                     | design_1_i/axi_plpuf_1/inst/axi_plpuf_slave_lite_v1_0_S00_AXI_inst/axi_awready_i_1_n_0                                                                    |                3 |              8 |         2.67 |
|  design_1_i/clk_wiz_0/inst/clk_out1                                                              | design_1_i/axi_plpuf_1/inst/axi_plpuf_slave_lite_v1_0_S00_AXI_inst/slv_reg3[23]_i_1_n_0                                                                                    | design_1_i/axi_plpuf_1/inst/axi_plpuf_slave_lite_v1_0_S00_AXI_inst/axi_awready_i_1_n_0                                                                    |                3 |              8 |         2.67 |
|  design_1_i/clk_wiz_0/inst/clk_out1                                                              | design_1_i/axi_plpuf_1/inst/axi_plpuf_slave_lite_v1_0_S00_AXI_inst/slv_reg14[23]_i_1_n_0                                                                                   | design_1_i/axi_plpuf_1/inst/axi_plpuf_slave_lite_v1_0_S00_AXI_inst/axi_awready_i_1_n_0                                                                    |                3 |              8 |         2.67 |
|  design_1_i/clk_wiz_0/inst/clk_out1                                                              | design_1_i/axi_plpuf_1/inst/axi_plpuf_slave_lite_v1_0_S00_AXI_inst/slv_reg2[15]_i_1_n_0                                                                                    | design_1_i/axi_plpuf_1/inst/axi_plpuf_slave_lite_v1_0_S00_AXI_inst/axi_awready_i_1_n_0                                                                    |                2 |              8 |         4.00 |
|  design_1_i/clk_wiz_0/inst/clk_out1                                                              | design_1_i/axi_plpuf_1/inst/axi_plpuf_slave_lite_v1_0_S00_AXI_inst/slv_reg4[15]_i_1_n_0                                                                                    | design_1_i/axi_plpuf_1/inst/axi_plpuf_slave_lite_v1_0_S00_AXI_inst/axi_awready_i_1_n_0                                                                    |                2 |              8 |         4.00 |
|  design_1_i/clk_wiz_0/inst/clk_out1                                                              | design_1_i/axi_plpuf_1/inst/axi_plpuf_slave_lite_v1_0_S00_AXI_inst/slv_reg6[23]_i_1_n_0                                                                                    | design_1_i/axi_plpuf_1/inst/axi_plpuf_slave_lite_v1_0_S00_AXI_inst/axi_awready_i_1_n_0                                                                    |                3 |              8 |         2.67 |
|  design_1_i/clk_wiz_0/inst/clk_out1                                                              | design_1_i/axi_plpuf_1/inst/axi_plpuf_slave_lite_v1_0_S00_AXI_inst/slv_reg6[7]_i_1_n_0                                                                                     | design_1_i/axi_plpuf_1/inst/axi_plpuf_slave_lite_v1_0_S00_AXI_inst/axi_awready_i_1_n_0                                                                    |                2 |              8 |         4.00 |
|  design_1_i/clk_wiz_0/inst/clk_out1                                                              | design_1_i/axi_plpuf_1/inst/axi_plpuf_slave_lite_v1_0_S00_AXI_inst/slv_reg5[7]_i_1_n_0                                                                                     | design_1_i/axi_plpuf_1/inst/axi_plpuf_slave_lite_v1_0_S00_AXI_inst/axi_awready_i_1_n_0                                                                    |                2 |              8 |         4.00 |
|  design_1_i/clk_wiz_0/inst/clk_out1                                                              | design_1_i/axi_plpuf_1/inst/axi_plpuf_slave_lite_v1_0_S00_AXI_inst/slv_reg13[23]_i_1_n_0                                                                                   | design_1_i/axi_plpuf_1/inst/axi_plpuf_slave_lite_v1_0_S00_AXI_inst/axi_awready_i_1_n_0                                                                    |                3 |              8 |         2.67 |
|  design_1_i/clk_wiz_0/inst/clk_out1                                                              | design_1_i/axi_plpuf_1/inst/axi_plpuf_slave_lite_v1_0_S00_AXI_inst/slv_reg15[15]_i_1_n_0                                                                                   | design_1_i/axi_plpuf_1/inst/axi_plpuf_slave_lite_v1_0_S00_AXI_inst/axi_awready_i_1_n_0                                                                    |                6 |              8 |         1.33 |
|  design_1_i/clk_wiz_0/inst/clk_out1                                                              | design_1_i/axi_plpuf_1/inst/axi_plpuf_slave_lite_v1_0_S00_AXI_inst/slv_reg14[31]_i_1_n_0                                                                                   | design_1_i/axi_plpuf_1/inst/axi_plpuf_slave_lite_v1_0_S00_AXI_inst/axi_awready_i_1_n_0                                                                    |                2 |              8 |         4.00 |
|  design_1_i/clk_wiz_0/inst/clk_out1                                                              | design_1_i/axi_plpuf_1/inst/axi_plpuf_slave_lite_v1_0_S00_AXI_inst/slv_reg12[7]_i_1_n_0                                                                                    | design_1_i/axi_plpuf_1/inst/axi_plpuf_slave_lite_v1_0_S00_AXI_inst/axi_awready_i_1_n_0                                                                    |                5 |              8 |         1.60 |
|  design_1_i/clk_wiz_0/inst/clk_out1                                                              | design_1_i/axi_plpuf_1/inst/axi_plpuf_slave_lite_v1_0_S00_AXI_inst/slv_reg13[15]_i_1_n_0                                                                                   | design_1_i/axi_plpuf_1/inst/axi_plpuf_slave_lite_v1_0_S00_AXI_inst/axi_awready_i_1_n_0                                                                    |                2 |              8 |         4.00 |
|  design_1_i/clk_wiz_0/inst/clk_out1                                                              | design_1_i/axi_uartlite_0/U0/AXI_LITE_IPIF_I/I_SLAVE_ATTACHMENT/I_DECODER/fifo_wr                                                                                          |                                                                                                                                                           |                1 |              8 |         8.00 |
|  design_1_i/clk_wiz_0/inst/clk_out1                                                              | design_1_i/axi_uartlite_0/U0/UARTLITE_CORE_I/UARTLITE_RX_I/SRL_FIFO_I/fifo_wr                                                                                              |                                                                                                                                                           |                1 |              8 |         8.00 |
|  design_1_i/clk_wiz_0/inst/clk_out1                                                              | design_1_i/axi_plpuf_1/inst/axi_plpuf_slave_lite_v1_0_S00_AXI_inst/slv_reg2[31]_i_1_n_0                                                                                    | design_1_i/axi_plpuf_1/inst/axi_plpuf_slave_lite_v1_0_S00_AXI_inst/axi_awready_i_1_n_0                                                                    |                7 |              8 |         1.14 |
|  design_1_i/mdm_1/U0/Use_E2.BSCAN_I/tck_BUFG                                                     | design_1_i/mdm_1/U0/Use_E2.BSCAN_I/Use_JTAG_BSCAN.tap_cnt_ok_reg[0]                                                                                                        | design_1_i/mdm_1/U0/Use_E2.BSCAN_I/Use_JTAG_BSCAN.tms_ok                                                                                                  |                3 |              8 |         2.67 |
|  design_1_i/clk_wiz_0/inst/clk_out1                                                              | design_1_i/axi_uartlite_0/U0/AXI_LITE_IPIF_I/I_SLAVE_ATTACHMENT/s_axi_rresp_i                                                                                              | design_1_i/axi_uartlite_0/U0/AXI_LITE_IPIF_I/I_SLAVE_ATTACHMENT/rst                                                                                       |                3 |              9 |         3.00 |
|  design_1_i/clk_wiz_0/inst/clk_out1                                                              |                                                                                                                                                                            | design_1_i/axi_uartlite_0/U0/AXI_LITE_IPIF_I/I_SLAVE_ATTACHMENT/rst                                                                                       |                3 |             11 |         3.67 |
|  design_1_i/mdm_1/U0/Use_E2.BSCAN_I/tck_BUFG                                                     |                                                                                                                                                                            |                                                                                                                                                           |                5 |             11 |         2.20 |
|  design_1_i/clk_wiz_0/inst/clk_out1                                                              |                                                                                                                                                                            | design_1_i/axi_smc/inst/switchboards/i_nodes/i_r_node/inst/inst_si_handler/areset_r                                                                       |                5 |             12 |         2.40 |
|  design_1_i/clk_wiz_0/inst/clk_out1                                                              |                                                                                                                                                                            | design_1_i/axi_smc/inst/switchboards/i_nodes/i_b_node/inst/inst_si_handler/areset_r                                                                       |                5 |             12 |         2.40 |
|  design_1_i/clk_wiz_0/inst/clk_out1                                                              | design_1_i/microblaze_riscv_0/U0/riscv_core_I/Base.Core/Decode_I/jump_logic_I1/MB_MUXCY_EX_Jump2/Using_FPGA.Native_I2_2[0]                                                 | design_1_i/microblaze_riscv_0/U0/riscv_core_I/sync_reset                                                                                                  |                3 |             14 |         4.67 |
|  design_1_i/clk_wiz_0/inst/clk_out1                                                              | design_1_i/microblaze_riscv_0/U0/riscv_core_I/Base.Core/Use_Debug_Logic.Master_Core.Debug_Perf/E[0]                                                                        | design_1_i/microblaze_riscv_0/U0/riscv_core_I/sync_reset                                                                                                  |                2 |             15 |         7.50 |
|  design_1_i/clk_wiz_0/inst/clk_out1                                                              | design_1_i/microblaze_riscv_0/U0/riscv_core_I/Base.Core/Use_Debug_Logic.Master_Core.Debug_Perf/Using_FPGA.Native[0]                                                        | design_1_i/microblaze_riscv_0/U0/riscv_core_I/sync_reset                                                                                                  |                3 |             15 |         5.00 |
|  design_1_i/mdm_1/U0/MDM_Core_I1/JTAG_CONTROL_I/Test_Access_Port.BUFG_DRCK/Using_FPGA.Native_0   | design_1_i/mdm_1/U0/MDM_Core_I1/JTAG_CONTROL_I/dmistat15_out                                                                                                               |                                                                                                                                                           |                4 |             15 |         3.75 |
|  design_1_i/clk_wiz_0/inst/clk_out1                                                              | design_1_i/axi_plpuf_1/inst/axi_plpuf_slave_lite_v1_0_S00_AXI_inst/plpuf_core_inst/counter                                                                                 | design_1_i/axi_plpuf_1/inst/axi_plpuf_slave_lite_v1_0_S00_AXI_inst/plpuf_core_inst/response[127]_i_1_n_0                                                  |                3 |             16 |         5.33 |
|  design_1_i/clk_wiz_0/inst/clk_out1                                                              | design_1_i/axi_plpuf_0/inst/axi_plpuf_slave_lite_v1_0_S00_AXI_inst/plpuf_core_inst/counter                                                                                 | design_1_i/axi_plpuf_0/inst/axi_plpuf_slave_lite_v1_0_S00_AXI_inst/plpuf_core_inst/response[127]_i_1_n_0                                                  |                3 |             16 |         5.33 |
|  design_1_i/clk_wiz_0/inst/clk_out1                                                              | design_1_i/microblaze_riscv_0/U0/riscv_core_I/Base.Core/Decode_I/mem_wait_on_ready_N_carry_or/MUXCY_I/lopt_1                                                               | design_1_i/microblaze_riscv_0/U0/riscv_core_I/sync_reset                                                                                                  |                8 |             17 |         2.12 |
|  design_1_i/clk_wiz_0/inst/clk_out1                                                              |                                                                                                                                                                            | design_1_i/axi_smc/inst/s00_entry_pipeline/s00_mmu/inst/areset                                                                                            |               11 |             18 |         1.64 |
|  design_1_i/mdm_1/U0/Use_JTAG_BSCAN.BUFG_JTAG_TCK/Use_JTAG_BSCAN.tck_int                         |                                                                                                                                                                            |                                                                                                                                                           |                6 |             18 |         3.00 |
|  design_1_i/clk_wiz_0/inst/clk_out1                                                              | design_1_i/microblaze_riscv_0/U0/riscv_core_I/Base.Core/Decode_I/Use_MuxCy[11].OF_Piperun_Stage/MUXCY_I/lopt_1                                                             | design_1_i/microblaze_riscv_0/U0/riscv_core_I/Base.Core/Decode_I/PreFetch_Buffer_I/INSTR_BUFFER_I1/SR[0]                                                  |                7 |             20 |         2.86 |
|  design_1_i/mdm_1/U0/MDM_Core_I1/JTAG_CONTROL_I/Test_Access_Port.BUFG_UPDATE/Using_FPGA.Native_0 |                                                                                                                                                                            |                                                                                                                                                           |               10 |             20 |         2.00 |
|  design_1_i/mdm_1/U0/Use_E2.BSCAN_I/tck_BUFG                                                     |                                                                                                                                                                            | design_1_i/mdm_1/U0/Use_E2.BSCAN_I/Use_JTAG_BSCAN.id_flag_reg                                                                                             |                5 |             21 |         4.20 |
|  design_1_i/clk_wiz_0/inst/clk_out1                                                              |                                                                                                                                                                            | design_1_i/microblaze_riscv_0/U0/riscv_core_I/Base.Core/Decode_I/Use_MuxCy[12].OF_Piperun_Stage/MUXCY_I/ex_cmul_op_i                                      |               12 |             25 |         2.08 |
|  design_1_i/clk_wiz_0/inst/clk_out1                                                              | design_1_i/axi_uartlite_0/U0/UARTLITE_CORE_I/BAUD_RATE_I/en_16x_Baud                                                                                                       | design_1_i/axi_uartlite_0/U0/UARTLITE_CORE_I/UARTLITE_RX_I/SR[0]                                                                                          |                5 |             28 |         5.60 |
|  design_1_i/clk_wiz_0/inst/clk_out1                                                              |                                                                                                                                                                            | design_1_i/axi_uartlite_0/U0/UARTLITE_CORE_I/UARTLITE_RX_I/SR[0]                                                                                          |               10 |             30 |         3.00 |
|  design_1_i/clk_wiz_0/inst/clk_out1                                                              | design_1_i/microblaze_riscv_0/U0/riscv_core_I/Base.Core/Decode_I/ex_Sel_CSR_i_reg[mtvec]_0[0]                                                                              | design_1_i/microblaze_riscv_0/U0/riscv_core_I/sync_reset                                                                                                  |                8 |             30 |         3.75 |
|  design_1_i/clk_wiz_0/inst/clk_out1                                                              | design_1_i/microblaze_riscv_0/U0/riscv_core_I/Base.Core/Decode_I/No_Short_Pipe_5.Using_FPGA.Gen_Bits[1].MEM_EX_Result_Inst/ex_Sel_CSR_i_reg[mepc][0]                       | design_1_i/microblaze_riscv_0/U0/riscv_core_I/sync_reset                                                                                                  |               10 |             30 |         3.00 |
|  design_1_i/clk_wiz_0/inst/clk_out1                                                              | design_1_i/axi_smc/inst/s00_entry_pipeline/s00_mmu/inst/gen_endpoint.decerr_slave_inst/s_axi_rvalid                                                                        | design_1_i/microblaze_riscv_0/U0/riscv_core_I/sync_reset                                                                                                  |                7 |             32 |         4.57 |
|  design_1_i/mdm_1/U0/MDM_Core_I1/JTAG_CONTROL_I/Test_Access_Port.BUFG_UPDATE/Using_FPGA.Native_0 | design_1_i/microblaze_riscv_0/U0/riscv_core_I/Base.Core/Use_Debug_Logic.Master_Core.Debug_Perf/progbuf0_reg0                                                               |                                                                                                                                                           |               11 |             32 |         2.91 |
|  design_1_i/mdm_1/U0/MDM_Core_I1/JTAG_CONTROL_I/Test_Access_Port.BUFG_UPDATE/Using_FPGA.Native_0 | design_1_i/microblaze_riscv_0/U0/riscv_core_I/Base.Core/Use_Debug_Logic.Master_Core.Debug_Perf/data0_write_reg0                                                            |                                                                                                                                                           |               10 |             32 |         3.20 |
|  design_1_i/clk_wiz_0/inst/clk_out1                                                              | design_1_i/microblaze_riscv_0/U0/riscv_core_I/Base.Core/Decode_I/Use_MuxCy[11].OF_Piperun_Stage/MUXCY_I/lopt_4                                                             | design_1_i/microblaze_riscv_0/U0/riscv_core_I/sync_reset                                                                                                  |               10 |             32 |         3.20 |
|  design_1_i/clk_wiz_0/inst/clk_out1                                                              | design_1_i/microblaze_riscv_0/U0/riscv_core_I/Base.Core/Decode_I/ex_Sel_CSR_i_reg[dpc]_0[0]                                                                                | design_1_i/microblaze_riscv_0/U0/riscv_core_I/sync_reset                                                                                                  |               10 |             32 |         3.20 |
|  design_1_i/clk_wiz_0/inst/clk_out1                                                              | design_1_i/microblaze_riscv_0/U0/riscv_core_I/Base.Core/Decode_I/ex_Sel_CSR_i_reg[mcycleh]_1[0]                                                                            | design_1_i/microblaze_riscv_0/U0/riscv_core_I/sync_reset                                                                                                  |               14 |             32 |         2.29 |
|  design_1_i/clk_wiz_0/inst/clk_out1                                                              | design_1_i/microblaze_riscv_0/U0/riscv_core_I/Base.Core/Decode_I/ex_Sel_CSR_i_reg[minstret]_1[0]                                                                           | design_1_i/microblaze_riscv_0/U0/riscv_core_I/sync_reset                                                                                                  |               11 |             32 |         2.91 |
|  design_1_i/clk_wiz_0/inst/clk_out1                                                              | design_1_i/microblaze_riscv_0/U0/riscv_core_I/Base.Core/Decode_I/ex_Sel_CSR_i_reg[minstret]_1[1]                                                                           | design_1_i/microblaze_riscv_0/U0/riscv_core_I/sync_reset                                                                                                  |               10 |             32 |         3.20 |
|  design_1_i/clk_wiz_0/inst/clk_out1                                                              | design_1_i/microblaze_riscv_0/U0/riscv_core_I/Base.Core/Decode_I/ex_Sel_CSR_i_reg[mcycleh]_1[1]                                                                            | design_1_i/microblaze_riscv_0/U0/riscv_core_I/sync_reset                                                                                                  |               16 |             32 |         2.00 |
|  design_1_i/clk_wiz_0/inst/clk_out1                                                              | design_1_i/microblaze_riscv_0/U0/riscv_core_I/Base.Core/Decode_I/ex_Sel_CSR_i_reg[tdata2]_0[0]                                                                             | design_1_i/microblaze_riscv_0/U0/riscv_core_I/sync_reset                                                                                                  |               11 |             32 |         2.91 |
|  design_1_i/clk_wiz_0/inst/clk_out1                                                              | design_1_i/microblaze_riscv_0/U0/riscv_core_I/Base.Core/Decode_I/ex_Sel_CSR_i_reg[mscratch]_0[0]                                                                           | design_1_i/microblaze_riscv_0/U0/riscv_core_I/sync_reset                                                                                                  |               12 |             32 |         2.67 |
|  design_1_i/clk_wiz_0/inst/clk_out1                                                              | design_1_i/microblaze_riscv_0/U0/riscv_core_I/Base.Core/Decode_I/Use_MuxCy[3].OF_Piperun_Stage/MUXCY_I/lopt_4                                                              |                                                                                                                                                           |               13 |             32 |         2.46 |
|  design_1_i/clk_wiz_0/inst/clk_out1                                                              | design_1_i/microblaze_riscv_0/U0/riscv_core_I/Base.Core/Decode_I/mem_wait_on_ready_N_carry_or/MUXCY_I/lopt_1                                                               | design_1_i/microblaze_riscv_0/U0/riscv_core_I/Base.Core/Data_Flow_Logic_I/WB_MEM_Result0                                                                  |               15 |             32 |         2.13 |
|  design_1_i/clk_wiz_0/inst/clk_out1                                                              | design_1_i/microblaze_riscv_0/U0/riscv_core_I/Base.Core/Use_Debug_Logic.Master_Core.Debug_Perf/register_read_cmd                                                           | design_1_i/microblaze_riscv_0/U0/riscv_core_I/sync_reset                                                                                                  |               16 |             32 |         2.00 |
|  design_1_i/clk_wiz_0/inst/clk_out1                                                              | design_1_i/microblaze_riscv_0/U0/riscv_core_I/Base.Core/Decode_I/No_Short_Pipe_5.Using_FPGA.Gen_Bits[1].MEM_EX_Result_Inst/ex_Sel_CSR_i_reg[mtval][0]                      | design_1_i/microblaze_riscv_0/U0/riscv_core_I/sync_reset                                                                                                  |               18 |             32 |         1.78 |
|  design_1_i/clk_wiz_0/inst/clk_out1                                                              | design_1_i/axi_smc/inst/switchboards/i_nodes/i_r_node/inst/inst_mi_handler/gen_normal_area.gen_fi_regulator.inst_fi_regulator/E[0]                                         |                                                                                                                                                           |               18 |             34 |         1.89 |
|  design_1_i/clk_wiz_0/inst/clk_out1                                                              | design_1_i/axi_smc/inst/switchboards/i_nodes/i_w_node/inst/inst_mi_handler/gen_normal_area.inst_fifo_node_payld/gen_reg_fifo.inst_reg_fifo/gen_single_rank.inst_cntr/E[0]  |                                                                                                                                                           |               12 |             39 |         3.25 |
|  design_1_i/mdm_1/U0/MDM_Core_I1/JTAG_CONTROL_I/Test_Access_Port.BUFG_DRCK/Using_FPGA.Native_0   | design_1_i/mdm_1/U0/MDM_Core_I1/JTAG_CONTROL_I/dmcontrol_read_2                                                                                                            |                                                                                                                                                           |                7 |             40 |         5.71 |
|  design_1_i/mdm_1/U0/MDM_Core_I1/JTAG_CONTROL_I/Test_Access_Port.BUFG_DRCK/Using_FPGA.Native_0   | design_1_i/mdm_1/U0/MDM_Core_I1/JTAG_CONTROL_I/Test_Access_Port.capture_dtm_reg_0                                                                                          |                                                                                                                                                           |               16 |             42 |         2.62 |
|  design_1_i/mdm_1/U0/MDM_Core_I1/JTAG_CONTROL_I/Test_Access_Port.BUFG_DRCK/Using_FPGA.Native_0   | design_1_i/mdm_1/U0/MDM_Core_I1/JTAG_CONTROL_I/Test_Access_Port.idcode_3                                                                                                   |                                                                                                                                                           |                9 |             46 |         5.11 |
|  design_1_i/clk_wiz_0/inst/clk_out1                                                              | design_1_i/microblaze_riscv_0/U0/riscv_core_I/Base.Core/Use_Debug_Logic.Master_Core.Debug_Perf/if_missed_fetch_reg                                                         |                                                                                                                                                           |                6 |             46 |         7.67 |
|  design_1_i/mdm_1/U0/MDM_Core_I1/JTAG_CONTROL_I/Test_Access_Port.BUFG_DRCK/Using_FPGA.Native_0   |                                                                                                                                                                            |                                                                                                                                                           |               22 |             59 |         2.68 |
|  design_1_i/clk_wiz_0/inst/clk_out1                                                              | design_1_i/microblaze_riscv_0/U0/riscv_core_I/Base.Core/Decode_I/Use_MuxCy[3].OF_Piperun_Stage/MUXCY_I/lopt_4                                                              | design_1_i/microblaze_riscv_0/U0/riscv_core_I/sync_reset                                                                                                  |               42 |            120 |         2.86 |
|  design_1_i/clk_wiz_0/inst/clk_out1                                                              | design_1_i/axi_plpuf_1/inst/axi_plpuf_slave_lite_v1_0_S00_AXI_inst/plpuf_core_inst/response[127]_i_2_n_0                                                                   | design_1_i/axi_plpuf_1/inst/axi_plpuf_slave_lite_v1_0_S00_AXI_inst/plpuf_core_inst/response[127]_i_1_n_0                                                  |               49 |            128 |         2.61 |
|  design_1_i/clk_wiz_0/inst/clk_out1                                                              | design_1_i/microblaze_riscv_0/U0/riscv_core_I/Base.Core/Decode_I/Serial_Dbg_Intf.register_write_cmd_reg                                                                    |                                                                                                                                                           |               16 |            128 |         8.00 |
|  design_1_i/clk_wiz_0/inst/clk_out1                                                              | design_1_i/axi_plpuf_0/inst/axi_plpuf_slave_lite_v1_0_S00_AXI_inst/plpuf_core_inst/response[127]_i_2_n_0                                                                   | design_1_i/axi_plpuf_0/inst/axi_plpuf_slave_lite_v1_0_S00_AXI_inst/plpuf_core_inst/response[127]_i_1_n_0                                                  |               49 |            128 |         2.61 |
|  design_1_i/clk_wiz_0/inst/clk_out1                                                              |                                                                                                                                                                            | design_1_i/microblaze_riscv_0/U0/riscv_core_I/sync_reset                                                                                                  |               46 |            133 |         2.89 |
|  design_1_i/clk_wiz_0/inst/clk_out1                                                              |                                                                                                                                                                            | design_1_i/axi_plpuf_0/inst/axi_plpuf_slave_lite_v1_0_S00_AXI_inst/axi_awready_i_1_n_0                                                                    |               52 |            139 |         2.67 |
|  design_1_i/clk_wiz_0/inst/clk_out1                                                              |                                                                                                                                                                            | design_1_i/axi_plpuf_1/inst/axi_plpuf_slave_lite_v1_0_S00_AXI_inst/axi_awready_i_1_n_0                                                                    |               47 |            139 |         2.96 |
|  design_1_i/clk_wiz_0/inst/clk_out1                                                              | design_1_i/microblaze_riscv_0/U0/riscv_core_I/Base.Core/Decode_I/Use_MuxCy[11].OF_Piperun_Stage/MUXCY_I/lopt_1                                                             | design_1_i/microblaze_riscv_0/U0/riscv_core_I/sync_reset                                                                                                  |               79 |            191 |         2.42 |
|  design_1_i/clk_wiz_0/inst/clk_out1                                                              |                                                                                                                                                                            |                                                                                                                                                           |               95 |            250 |         2.63 |
+--------------------------------------------------------------------------------------------------+----------------------------------------------------------------------------------------------------------------------------------------------------------------------------+-----------------------------------------------------------------------------------------------------------------------------------------------------------+------------------+----------------+--------------+


